Name,Perceived_Age,Gender,Race,Age_Group,Age_Group_new
Cayden,16.4,male,White,16 to 19 years,under 30
Zayden,17.0,male,White,16 to 19 years,under 30
Jaiden,20.0,male,Black,20 to 24.9 years,under 30
Brynlee,20.2,female,White,20 to 24.9 years,under 30
Jadyn,20.7,male,White,20 to 24.9 years,under 30
Addyson,20.9,female,White,20 to 24.9 years,under 30
Kaydence,21.1,female,White,20 to 24.9 years,under 30
Jayden,21.3,male,White,20 to 24.9 years,under 30
Jalen,21.6,male,Black,20 to 24.9 years,under 30
Janiyah,22.1,female,Black,20 to 24.9 years,under 30
Londyn,22.8,female,White,20 to 24.9 years,under 30
Janiya,22.9,female,Black,20 to 24.9 years,under 30
Precious,23.0,female,Black,20 to 24.9 years,under 30
Jayvon,23.5,male,Black,20 to 24.9 years,under 30
Nevaeh,23.6,female,White,20 to 24.9 years,under 30
Aniyah,23.6,female,Black,20 to 24.9 years,under 30
Ciera,23.8,female,White,20 to 24.9 years,under 30
DaQuan,23.9,male,Black,20 to 24.9 years,under 30
Kadence,24.1,female,White,20 to 24.9 years,under 30
Adalynn,24.1,female,White,20 to 24.9 years,under 30
Tayler,24.3,male,White,20 to 24.9 years,under 30
Iker,24.4,male,Latino,20 to 24.9 years,under 30
Cierra,24.5,female,White,20 to 24.9 years,under 30
Brittani,24.6,female,White,20 to 24.9 years,under 30
Hunter,24.6,male,White,20 to 24.9 years,under 30
Keyana,24.7,female,Black,20 to 24.9 years,under 30
Katlyn,24.9,female,White,20 to 24.9 years,under 30
Deja,24.9,female,Black,20 to 24.9 years,under 30
Khloe,25.4,female,White,25 to 34.9 years,under 30
Kevon,25.9,male,Black,25 to 34.9 years,under 30
Hannah,26.2,female,White,25 to 34.9 years,under 30
Kenya,26.3,female,Black,25 to 34.9 years,under 30
Alexus,26.4,female,White,25 to 34.9 years,under 30
Logan,26.8,male,White,25 to 34.9 years,under 30
Tasha,27.2,female,Black,25 to 34.9 years,under 30
Aisha,27.2,female,Black,25 to 34.9 years,under 30
Tanisha,27.2,female,Black,25 to 34.9 years,under 30
Devonte,27.3,male,Black,25 to 34.9 years,under 30
Cody,27.4,male,White,25 to 34.9 years,under 30
Keisha,27.4,female,Black,25 to 34.9 years,under 30
DaShawn,27.5,male,Black,25 to 34.9 years,under 30
Presly,27.6,female,White,25 to 34.9 years,under 30
Caleb,27.7,male,White,25 to 34.9 years,under 30
Staci,27.8,female,White,25 to 34.9 years,under 30
Denisha,27.8,female,Black,25 to 34.9 years,under 30
Ethan,27.8,male,White,25 to 34.9 years,under 30
Nia,27.9,female,Black,25 to 34.9 years,under 30
Chelsey,28.2,female,White,25 to 34.9 years,under 30
Connor,28.2,male,White,25 to 34.9 years,under 30
Aubrey,28.3,female,White,25 to 34.9 years,under 30
Kristen,28.3,female,White,25 to 34.9 years,under 30
Ashanti,28.5,female,Black,25 to 34.9 years,under 30
Emma,28.5,female,White,25 to 34.9 years,under 30
Tremayne,28.8,male,Black,25 to 34.9 years,under 30
Dâ€™Andre,28.8,male,Black,25 to 34.9 years,under 30
Keyshawn,29.0,male,Black,25 to 34.9 years,under 30
DeAndre,29.1,male,Black,25 to 34.9 years,under 30
Krystle,29.3,female,White,25 to 34.9 years,under 30
Katina,29.4,female,Black,25 to 34.9 years,under 30
Kaitlin,29.6,female,White,25 to 34.9 years,under 30
DeShawn,29.6,male,Black,25 to 34.9 years,under 30
Hakim,29.7,male,Black,25 to 34.9 years,under 30
Latrell,30.0,male,Black,25 to 34.9 years,between 30 to 45
Isaiah,30.1,male,White,25 to 34.9 years,between 30 to 45
Jamal,30.1,male,Black,25 to 34.9 years,between 30 to 45
Allison,30.1,female,White,25 to 34.9 years,between 30 to 45
Latasha,30.2,female,Black,25 to 34.9 years,between 30 to 45
Luke,30.4,male,White,25 to 34.9 years,between 30 to 45
King,30.4,male,Black,25 to 34.9 years,between 30 to 45
Katie,30.5,female,White,25 to 34.9 years,between 30 to 45
Misty,30.5,female,White,25 to 34.9 years,between 30 to 45
Tamika,30.5,female,Black,25 to 34.9 years,between 30 to 45
Beckett,30.6,male,White,25 to 34.9 years,between 30 to 45
Brandi,31.2,female,White,25 to 34.9 years,between 30 to 45
Shanice,31.2,female,Black,25 to 34.9 years,between 30 to 45
Lesa,31.3,female,White,25 to 34.9 years,between 30 to 45
Brandie,31.3,female,White,25 to 34.9 years,between 30 to 45
Tyra,31.4,female,Black,25 to 34.9 years,between 30 to 45
Emily,31.5,female,White,25 to 34.9 years,between 30 to 45
Erica,31.5,female,White,25 to 34.9 years,between 30 to 45
Yahir,31.5,male,Latino,25 to 34.9 years,between 30 to 45
Rasheed,31.6,male,Black,25 to 34.9 years,between 30 to 45
Tiffany,31.6,female,White,25 to 34.9 years,between 30 to 45
Alonzo,31.7,male,Latino,25 to 34.9 years,between 30 to 45
Brendan,31.9,male,White,25 to 34.9 years,between 30 to 45
Lakisha,31.9,female,Black,25 to 34.9 years,between 30 to 45
Ebony,32.0,female,Black,25 to 34.9 years,between 30 to 45
Terell,32.1,male,Black,25 to 34.9 years,between 30 to 45
Elijah,32.4,male,Black,25 to 34.9 years,between 30 to 45
Jermaine,32.4,male,Black,25 to 34.9 years,between 30 to 45
Latonya,32.5,female,Black,25 to 34.9 years,between 30 to 45
Jake,32.8,male,White,25 to 34.9 years,between 30 to 45
Tammi,32.9,female,Black,25 to 34.9 years,between 30 to 45
Tyrone,33.1,male,Black,25 to 34.9 years,between 30 to 45
Brandy,33.3,female,White,25 to 34.9 years,between 30 to 45
Lamar,33.3,male,Black,25 to 34.9 years,between 30 to 45
Sarah,33.8,female,White,25 to 34.9 years,between 30 to 45
Madeline,33.8,female,White,25 to 34.9 years,between 30 to 45
Presley,33.8,female,White,25 to 34.9 years,between 30 to 45
Anna,33.9,female,White,25 to 34.9 years,between 30 to 45
Kareem,33.9,male,Black,25 to 34.9 years,between 30 to 45
Seth,34.0,male,White,25 to 34.9 years,between 30 to 45
Prince,34.0,male,Black,25 to 34.9 years,between 30 to 45
Brett,34.3,male,White,25 to 34.9 years,between 30 to 45
Sheena,34.4,female,White,25 to 34.9 years,between 30 to 45
Darnell,34.5,male,Black,25 to 34.9 years,between 30 to 45
Brad,34.6,male,White,25 to 34.9 years,between 30 to 45
Julia,34.8,female,White,25 to 34.9 years,between 30 to 45
Amy,34.8,female,White,25 to 34.9 years,between 30 to 45
Everly,34.8,female,White,25 to 34.9 years,between 30 to 45
Traci,34.9,female,White,25 to 34.9 years,between 30 to 45
Jennifer,34.9,female,White,25 to 34.9 years,between 30 to 45
Kim,35.0,female,White,35 to 44.9 years,between 30 to 45
Latoya,35.1,female,Black,35 to 44.9 years,between 30 to 45
Booker,35.4,male,Black,35 to 44.9 years,between 30 to 45
Isaac,35.4,male,White,35 to 44.9 years,between 30 to 45
Andrew,35.7,male,White,35 to 44.9 years,between 30 to 45
Tammie,35.8,female,Black,35 to 44.9 years,between 30 to 45
Tonya,35.8,female,White,35 to 44.9 years,between 30 to 45
Dustin,35.9,male,White,35 to 44.9 years,between 30 to 45
Molly,36.3,female,White,35 to 44.9 years,between 30 to 45
Vicki,36.3,female,White,35 to 44.9 years,between 30 to 45
Tracey,36.5,female,White,35 to 44.9 years,between 30 to 45
Heidi,36.7,female,White,35 to 44.9 years,between 30 to 45
Anthony,36.7,male,Black,35 to 44.9 years,between 30 to 45
Laura,36.9,female,White,35 to 44.9 years,between 30 to 45
Tricia,37.2,female,White,35 to 44.9 years,between 30 to 45
Jodi,37.3,female,White,35 to 44.9 years,between 30 to 45
Joseph,37.5,male,White,35 to 44.9 years,between 30 to 45
Carrie,37.7,female,White,35 to 44.9 years,between 30 to 45
James,37.8,male,Black,35 to 44.9 years,between 30 to 45
Kathi,38.0,female,White,35 to 44.9 years,between 30 to 45
Israel,38.0,male,Latino,35 to 44.9 years,between 30 to 45
Lisa,38.3,female,White,35 to 44.9 years,between 30 to 45
Tracie,38.3,female,White,35 to 44.9 years,between 30 to 45
Matthew,38.4,male,White,35 to 44.9 years,between 30 to 45
Elizabeth,38.6,female,White,35 to 44.9 years,between 30 to 45
Todd,38.6,male,White,35 to 44.9 years,between 30 to 45
David,38.6,male,White,35 to 44.9 years,between 30 to 45
Charlie,38.6,male,White,35 to 44.9 years,between 30 to 45
Kay,38.6,female,White,35 to 44.9 years,between 30 to 45
Catherine,38.7,female,White,35 to 44.9 years,between 30 to 45
Greg,38.8,male,White,35 to 44.9 years,between 30 to 45
Lesly,39.2,female,White,35 to 44.9 years,between 30 to 45
Scott,39.6,male,White,35 to 44.9 years,between 30 to 45
Jay,39.9,male,White,35 to 44.9 years,between 30 to 45
Maria,40.1,female,Latina,35 to 44.9 years,between 30 to 45
Titus,40.5,male,White,35 to 44.9 years,between 30 to 45
Ambrose,40.7,male,White,35 to 44.9 years,between 30 to 45
Vickie,40.8,female,White,35 to 44.9 years,between 30 to 45
Jack,41.3,male,White,35 to 44.9 years,between 30 to 45
Michael,41.4,male,White,35 to 44.9 years,between 30 to 45
William,41.8,male,White,35 to 44.9 years,between 30 to 45
Perlie,42.0,female,White,35 to 44.9 years,between 30 to 45
Katherine,42.3,female,White,35 to 44.9 years,between 30 to 45
Peter,42.4,male,White,35 to 44.9 years,between 30 to 45
Meredith,42.6,female,White,35 to 44.9 years,between 30 to 45
Claire,42.9,female,White,35 to 44.9 years,between 30 to 45
Thomas,43.1,male,White,35 to 44.9 years,between 30 to 45
John,43.2,male,White,35 to 44.9 years,between 30 to 45
Ann,43.3,female,White,35 to 44.9 years,between 30 to 45
Tammy,43.3,female,White,35 to 44.9 years,between 30 to 45
Neil,43.4,male,White,35 to 44.9 years,between 30 to 45
Sally,43.4,female,White,35 to 44.9 years,between 30 to 45
Ronny,43.5,male,White,35 to 44.9 years,between 30 to 45
Cheryl,43.8,female,White,35 to 44.9 years,between 30 to 45
Lori,43.9,female,White,35 to 44.9 years,between 30 to 45
Benjamin,43.9,male,White,35 to 44.9 years,between 30 to 45
Pam,44.0,female,White,35 to 44.9 years,between 30 to 45
Percy,44.5,male,Black,35 to 44.9 years,between 30 to 45
jill,44.5,female,White,35 to 44.9 years,between 30 to 45
Doug,44.6,male,White,35 to 44.9 years,between 30 to 45
Sherri,44.7,female,White,35 to 44.9 years,between 30 to 45
Samuel,45.2,male,White,45 to 54.9 years,above 45
Luann,45.5,female,White,45 to 54.9 years,above 45
Laurie,45.5,female,White,45 to 54.9 years,above 45
Edward,46.1,male,White,45 to 54.9 years,above 45
Marie,46.1,female,White,45 to 54.9 years,above 45
Master,46.4,male,White,45 to 54.9 years,above 45
Rhonda,46.8,female,White,45 to 54.9 years,above 45
Geoffrey,47.1,male,White,45 to 54.9 years,above 45
Debra,47.2,female,White,45 to 54.9 years,above 45
Louella,47.6,female,White,45 to 54.9 years,above 45
Hilary,48.1,female,White,45 to 54.9 years,above 45
Charles,48.2,male,White,45 to 54.9 years,above 45
Leroy,48.7,male,Black,45 to 54.9 years,above 45
Cathy,48.7,female,White,45 to 54.9 years,above 45
Pearlie,48.7,female,White,45 to 54.9 years,above 45
Linda,48.8,female,White,45 to 54.9 years,above 45
Heinz,49.2,male,White,45 to 54.9 years,above 45
Patricia,49.2,female,White,45 to 54.9 years,above 45
Carol,49.2,female,White,45 to 54.9 years,above 45
Robert,49.2,male,White,45 to 54.9 years,above 45
Bettye,49.3,female,White,45 to 54.9 years,above 45
Pat,49.3,female,White,45 to 54.9 years,above 45
Raymond,49.3,male,White,45 to 54.9 years,above 45
Dudley,49.6,male,White,45 to 54.9 years,above 45
Judith,49.7,female,White,45 to 54.9 years,above 45
Deborah,50.3,female,White,45 to 54.9 years,above 45
Henry,50.4,male,White,45 to 54.9 years,above 45
Patti,50.6,female,White,45 to 54.9 years,above 45
Purlie,50.8,female,White,45 to 54.9 years,above 45
Frank,51.2,male,White,45 to 54.9 years,above 45
Anne,51.3,female,White,45 to 54.9 years,above 45
Abraham,51.8,male,White,45 to 54.9 years,above 45
Evelyn,51.8,female,White,45 to 54.9 years,above 45
Alice,52.0,female,White,45 to 54.9 years,above 45
Carole,52.2,female,White,45 to 54.9 years,above 45
George,52.2,male,White,45 to 54.9 years,above 45
Freeman,52.5,male,White,45 to 54.9 years,above 45
Arthur,52.8,male,White,45 to 54.9 years,above 45
Barbara,52.9,female,White,45 to 54.9 years,above 45
Delbert,53.9,male,White,45 to 54.9 years,above 45
Moses,54.6,male,White,45 to 54.9 years,above 45
Phyllis,54.7,female,White,45 to 54.9 years,above 45
Joan,55.7,female,White,55 to 64.9 years,above 45
Melva,57.0,female,White,55 to 64.9 years,above 45
Walter,57.0,male,White,55 to 64.9 years,above 45
Margaret,57.1,female,White,55 to 64.9 years,above 45
Donald,57.6,male,White,55 to 64.9 years,above 45
Earnestine,59.1,female,White,55 to 64.9 years,above 45
Betty,59.5,female,White,55 to 64.9 years,above 45
Abe,59.8,male,White,55 to 64.9 years,above 45
Patsy,61.6,female,White,55 to 64.9 years,above 45
Geraldine,62.6,female,White,55 to 64.9 years,above 45
Dick,62.7,male,White,55 to 64.9 years,above 45
Dolores,62.9,female,Latina,55 to 64.9 years,above 45
Deloris,65.6,female,White,65 years and over,above 45
